{"cameraMode":{"drawMode":0,"name":"Shaded","section":"Shading Mode"},"sceneLighting":true,"audioPlay":false,"sceneViewState":{"showFog":true,"showMaterialUpdate":false,"showSkybox":true,"showFlares":true,"showImageEffects":true,"showParticleSystems":true},"in2DMode":false,"pivot":{"x":0.03366244584321976,"y":-1.9179848432540894,"z":46.60514831542969},"rotation":{"x":-0.055187974125146869,"y":0.008989852853119374,"z":-0.0004987635766156018,"w":-0.998432457447052},"size":71.91651916503906,"orthographic":false}